qid,score,time,user_effort,calculated_effort,execution_time
1,0.0,0,,100,4.100799560546875e-05
2,0.0,0,,100,4.100799560546875e-05
3,0.0,0,,100,4.100799560546875e-05
4,0.0,0,,100,4.100799560546875e-05
5,0.0,0,,100,4.100799560546875e-05
6,0.0,0,,100,4.100799560546875e-05
7,0.0,0,,100,4.100799560546875e-05
