qid,score,time,user_effort,calculated_effort,execution_time
1,0.0,5,Regular,100,2.9749935492873192e-05
2,0.0,3,Regular,100,2.9749935492873192e-05
3,0.0,5,Regular,100,2.9749935492873192e-05
4,0.0,6,Low,100,2.9749935492873192e-05
5,0.0,20,High,100,2.9749935492873192e-05
6,1,2,Low,0.1111111111111111,2.9749935492873192e-05
7,0.0,21,Low,100,2.9749935492873192e-05
