qid,score,time,user_effort,calculated_effort,execution_time
1,0.0,7,Regular,100,2.523098373785615e-05
2,0.0,4,Regular,100,2.523098373785615e-05
3,0.0,14,,100,2.523098373785615e-05
4,0.0,3,High,100,2.523098373785615e-05
5,0.2,19,High,5.277777777777778,2.523098373785615e-05
6,0.0,0,,100,2.523098373785615e-05
7,0.0,18,High,100,2.523098373785615e-05
