qid,score,time,user_effort,calculated_effort,execution_time
q1,1,45,Low,2.5,7.663464799996291
q2,0,34,Low,100,7.663464799996291
q3,1,70,Regular,3.8888888889,7.663464799996291
q4,0.0,122,Regular,100,7.663464799996291
q5,0.4,24,High,3.333333333,7.663464799996291
q6,1,55,Low,3.0555555556,7.663464799996291
q7,0.2,11,High,3.0555555556,7.663464799996291
