qid,score,time,user_effort,calculated_effort,execution_time
1,0.0,7,Regular,100,2.625496448017657
2,0.0,3,Regular,100,2.625496448017657
3,0.0,4,Low,100,2.625496448017657
4,0.0,7,Regular,100,2.625496448017657
5,0.0,17,Regular,100,2.625496448017657
6,1,2,Regular,0.1111111111111111,2.625496448017657
7,0.0,16,Regular,100,2.625496448017657
