qid,score,time,user_effort,calculated_effort,execution_time
1,0.0,5,Regular,100,3.617214325000532
2,0.0,5,Regular,100,3.617214325000532
3,1,7,High,0.3888888888888889,3.617214325000532
4,0.0,5,,100,3.617214325000532
5,0.0,17,High,100,3.617214325000532
6,0.0,3,Low,100,3.617214325000532
7,0.0,19,Regular,100,3.617214325000532
