qid,score,time,user_effort,calculated_effort,execution_time
1,0.0,6,Regular,100,1.7810138098429888
2,0.0,8,Regular,100,1.7810138098429888
3,0.0,3,Regular,100,1.7810138098429888
4,0.0,10,High,100,1.7810138098429888
5,0.0,9,High,100,1.7810138098429888
6,1,4,Regular,0.2222222222222222,1.7810138098429888
7,0.0,7,High,100,1.7810138098429888
