qid,score,time,user_effort,calculated_effort,execution_time
1,0.0,3,Regular,100,4.383773304987699
2,0.0,2,High,100,4.383773304987699
3,0.0,3,Low,100,4.383773304987699
4,0.0,75,Low,100,4.383773304987699
5,0.0,22,Regular,100,4.383773304987699
6,1,8,Regular,0.4444444444444444,4.383773304987699
7,0.2,14,Regular,3.888888888888889,4.383773304987699
